abandonment_reason,abandonment_reason_work,age_group,cart_abandonment,city,competitor_primary,competitor_usage,competitor_usage_flag,competitor_usage_work,decision_factor,decision_factor_work,decision_style,delivery_delay,delivery_delay_score,Sum of factor_cuisine_preference,Sum of factor_delivery_time,Sum of factor_discounts_offers,Sum of factor_price,Sum of factor_rating_reviews,improvement,improvement_category,improvement_clean,intent,intent _clean,intent_group,occupation,Sum of reason_changed_mind,Sum of reason_found_better_option,Sum of reason_high_delivery_charges,Sum of reason_long_delivery_time,satisfaction,satisfaction_score,usage_frequency
Changed My Mind,Changed My Mind,18-24,No,Mohali,Others,Yes,1,yes,Ratings & Reviews,Ratings & Reviews,Compare,Sometimes,2,0,0,0,0,1,Nothing,No Feedback,nothing,Exploring Restaurants,Exploring restaurants,Low Intent,Working Professional,1,0,0,0,Neutral,3,Weekly
Changed My Mind,Changed My Mind,18-24,Yes,Ahmedabad,Swiggy,"Yes, Swiggy. Mainly To Compare Prices And Offers.",1,"yes, swiggy. mainly to compare prices and offers.","Price, Ratings & Reviews, Delivery Time","Price, Ratings & Reviews, Delivery Time",Compare,Rarely,1,0,1,0,1,1,N/A,Others,n/a,I’M Hungry And Want To Order Quickly,I'm hungry and want to order quickly,High Intent,Working Professional,1,0,0,0,Very Satisfied,5,Weekly
Changed My Mind,Changed My Mind,18-24,Yes,Malout,Others,Na,1,na,"Price, Ratings & Reviews, Discounts/Offers, Cuisine Preference","Price, Ratings & Reviews, Discounts/Offers, Cuisine Preference",Quickly,Never,0,1,0,1,1,1,Nothing,No Feedback,nothing,I’M Hungry And Want To Order Quickly,I'm hungry and want to order quickly,High Intent,Student,1,0,0,0,Very Satisfied,5,Rarely
Changed My Mind,Changed My Mind,25-34,No,Mumbai,Others,Just Check How Others App Provide Service,1,just check how others app provide service,Ratings & Reviews,Ratings & Reviews,Compare,Rarely,1,0,0,0,0,1,Na,Others,na,Exploring Restaurants,Exploring restaurants,Low Intent,Working Professional,1,0,0,0,Neutral,3,Rarely
Changed My Mind,Changed My Mind,25-34,No,Noida,Swiggy,Yes I Have Also Used Swiggy,1,yes i have also used swiggy,"Ratings & Reviews, Discounts/Offers","Ratings & Reviews, Discounts/Offers",Compare,Never,0,0,0,1,0,1,Please Given Discount And Offer For Customer,Offers & Discounts,please given discount and offer for customer,Looking For Offers/Discounts,Looking for offers/discounts,Low Intent,Working Professional,1,0,0,0,Very Satisfied,5,Rarely
Changed My Mind,Changed My Mind,25-34,No,Pune,Others,Yes. I Found It Easy To Use And Place The Order.,1,yes. i found it easy to use and place the order.,Discounts/Offers,Discounts/Offers,Browse,Rarely,1,0,0,1,0,0,Stop Sending Unnecessary Notification. Sometimes Consumer Gets Irritated Seeing Frequent Notification.,Delivery Issue,stop sending unnecessary notification. sometimes consumer gets irritated seeing frequent notification.,Just Browsing Options,Just browsing options,Low Intent,Working Professional,1,0,0,0,Neutral,3,Rarely
Changed My Mind,Changed My Mind,25-34,Yes,Gurgaon,Others,Yes,1,yes,"Price, Ratings & Reviews","Price, Ratings & Reviews",Browse,Rarely,1,0,0,0,1,1,Restaurant Service,Customer Support,restaurant service,I’M Hungry And Want To Order Quickly,I'm hungry and want to order quickly,High Intent,Working Professional,1,0,0,0,Neutral,3,Rarely
Changed My Mind,Changed My Mind,25-34,Yes,Gurgaon,Others,"Yes, To Compare The Changes",1,"yes, to compare the changes","Price, Ratings & Reviews, Discounts/Offers, Cuisine Preference","Price, Ratings & Reviews, Discounts/Offers, Cuisine Preference",Compare,Rarely,1,1,0,1,1,1,None,Others,none,Just Browsing Options,Just browsing options,Low Intent,Working Professional,1,0,0,0,Very Satisfied,5,Weekly
Changed My Mind,Changed My Mind,25-34,Yes,Gurgoan,Swiggy,Swiggy & Bistro,1,swiggy & bistro,"Price, Ratings & Reviews, Delivery Time, Discounts/Offers","Price, Ratings & Reviews, Delivery Time, Discounts/Offers",Compare,Sometimes,2,0,2,2,2,2,Not Sure,No Feedback,not sure,I’M Hungry And Want To Order Quickly,I'm hungry and want to order quickly,High Intent,Working Professional,2,0,0,0,Neutral,3,Rarely
Changed My Mind,Changed My Mind,25-34,Yes,Gwalior,Others,No,0,no,Cuisine Preference,Cuisine Preference,Browse,Sometimes,2,1,0,0,0,0,Nothing In My Mind Right Now,No Feedback,nothing in my mind right now,Exploring Restaurants,Exploring restaurants,Low Intent,Working Professional,1,0,0,0,Neutral,3,Rarely
Changed My Mind,Changed My Mind,25-34,Yes,Indore,Others,Very Much,1,very much,Cuisine Preference,Cuisine Preference,Compare,Sometimes,2,1,0,0,0,0,Zomato Should Delivery Women ?? ...Just Kidding ...They Must Improve Handling Of The Food,Delivery Issue,zomato should delivery women ?? ...just kidding ...they must improve handling of the food,I’M Hungry And Want To Order Quickly,I'm hungry and want to order quickly,High Intent,Working Professional,1,0,0,0,Neutral,3,Frequently
"Changed My Mind, Found A Better Option","Changed My Mind, Found A Better Option",18-24,Yes,Ahmedabad,Others,Yes,1,yes,"Ratings & Reviews, Discounts/Offers","Ratings & Reviews, Discounts/Offers",Compare,Rarely,1,0,0,1,0,1,Platform Fees And Hidden Charges Even After Having Membership,Pricing Issue,platform fees and hidden charges even after having membership,I’M Hungry And Want To Order Quickly,I'm hungry and want to order quickly,High Intent,Student,1,1,0,0,Very Satisfied,5,Rarely
"Changed My Mind, Found A Better Option","Changed My Mind, Found A Better Option",18-24,Yes,Bangalore,Others,Not Now,0,not now,"Ratings & Reviews, Cuisine Preference","Ratings & Reviews, Cuisine Preference",Compare,Rarely,1,1,0,0,0,1,This Reduces Frustration When Delays Happen,App/UX Issue,this reduces frustration when delays happen,I’M Hungry And Want To Order Quickly,I'm hungry and want to order quickly,High Intent,Other,1,1,0,0,Very Satisfied,5,Frequently
"Changed My Mind, Found A Better Option","Changed My Mind, Found A Better Option",18-24,Yes,Noida,Swiggy,Mostly Prefer Swiggy Over Zomato. Better Ui/Ux And More Options Available. Also Swiggy'S Food In 10 Mins Is A Life Saver When In Need Of A Proper Meal.,1,mostly prefer swiggy over zomato. better ui/ux and more options available. also swiggy's food in 10 mins is a life saver when in need of a proper meal.,"Price, Ratings & Reviews, Delivery Time","Price, Ratings & Reviews, Delivery Time",Browse,Sometimes,2,0,1,0,1,1,Bring Back Zomato Homely. It Was Really Something.,Others,bring back zomato homely. it was really something.,I’M Hungry And Want To Order Quickly,I'm hungry and want to order quickly,High Intent,Other,1,1,0,0,Neutral,3,Frequently
"Changed My Mind, Found A Better Option","Changed My Mind, Found A Better Option",18-24,Yes,Sirsa,Others,Yes,1,yes,"Price, Delivery Time, Discounts/Offers","Price, Delivery Time, Discounts/Offers",Compare,Sometimes,2,0,1,1,1,0,Customer Support,Customer Support,customer support,I’M Hungry And Want To Order Quickly,I'm hungry and want to order quickly,High Intent,Student,1,1,0,0,Neutral,3,Weekly
"Changed My Mind, Found A Better Option","Changed My Mind, Found A Better Option",25-34,No,Gurgaon,Others,Yes,1,yes,"Ratings & Reviews, Cuisine Preference","Ratings & Reviews, Cuisine Preference",Quickly,Sometimes,2,1,0,0,0,1,Pricing And Delivery Duration,Delivery Issue,pricing and delivery duration,I’M Hungry And Want To Order Quickly,I'm hungry and want to order quickly,High Intent,Working Professional,1,1,0,0,Neutral,3,Weekly
"Changed My Mind, Found A Better Option","Changed My Mind, Found A Better Option",25-34,Yes,Noida,Others,Yes,1,yes,"Delivery Time, Discounts/Offers, Cuisine Preference","Delivery Time, Discounts/Offers, Cuisine Preference",Compare,Sometimes,2,1,1,1,0,0,Coordination With Few Restaurants As Order As Some Restaurants' Services Are Not Good Enough,Customer Support,coordination with few restaurants as order as some restaurants' services are not good enough,Just Browsing Options,Just browsing options,Low Intent,Working Professional,1,1,0,0,Very Satisfied,5,Frequently
Found A Better Option,Found A Better Option,18-24,Yes,Ahmedabad,Others,"Yes, For Options",1,"yes, for options",Ratings & Reviews,Ratings & Reviews,Compare,Very Often,4,0,0,0,0,1,There Customer Care Service.,Customer Support,there customer care service.,I’M Hungry And Want To Order Quickly,I'm hungry and want to order quickly,High Intent,Working Professional,0,1,0,0,Neutral,3,Frequently
Found A Better Option,Found A Better Option,25-34,No,Gurgoan,Swiggy,"“Yes, I Use Swiggy As Well. Mainly To Compare Delivery Time, And Offers. Sometimes Swiggy Has Better Discounts Or Faster Delivery Depending On The Location.",1,"“yes, i use swiggy as well. mainly to compare delivery time, and offers. sometimes swiggy has better discounts or faster delivery depending on the location.",Ratings & Reviews,Ratings & Reviews,Quickly,Sometimes,2,0,0,0,0,1,Reduce Extra Charges Like Platform Fees And Improve Delivery Time Consistency.,Pricing Issue,reduce extra charges like platform fees and improve delivery time consistency.,Just Browsing Options,Just browsing options,Low Intent,Working Professional,0,1,0,0,Neutral,3,Frequently
Found A Better Option,Found A Better Option,25-34,No,Sirsa,Swiggy,Some Restaurant On Swiggy,1,some restaurant on swiggy,Price,Price,Compare,Very Often,4,0,0,0,1,0,Packaging Quality,Others,packaging quality,I’M Hungry And Want To Order Quickly,I'm hungry and want to order quickly,High Intent,Student,0,1,0,0,Neutral,3,Frequently
Found A Better Option,Found A Better Option,25-34,Yes,Chandigarh,Others,"Yes, Comparison And Better Alternatives",1,"yes, comparison and better alternatives","Price, Ratings & Reviews, Delivery Time, Discounts/Offers","Price, Ratings & Reviews, Delivery Time, Discounts/Offers",Browse,Sometimes,2,0,1,1,1,1,Price Discounts,Pricing Issue,price discounts,Looking For Offers/Discounts,Looking for offers/discounts,Low Intent,Working Professional,0,1,0,0,Neutral,3,Frequently
High Delivery Charges,High Delivery Charges,18-24,No,Bijnor,Others,No.,0,no.,Ratings & Reviews,Ratings & Reviews,Compare,Sometimes,2,0,0,0,0,1,Offers,Offers & Discounts,offers,I’M Hungry And Want To Order Quickly,I'm hungry and want to order quickly,High Intent,Student,0,0,1,0,Neutral,3,Frequently
High Delivery Charges,High Delivery Charges,18-24,No,Sirsa,Others,No,0,no,Ratings & Reviews,Ratings & Reviews,Quickly,Rarely,1,0,0,0,0,1,Your Delivery Charges,Pricing Issue,your delivery charges,I’M Hungry And Want To Order Quickly,I'm hungry and want to order quickly,High Intent,Student,0,0,1,0,Neutral,3,Weekly
High Delivery Charges,High Delivery Charges,18-24,Yes,Goa,Others,"Yes, It Has Better Offers Sometimes",1,"yes, it has better offers sometimes","Price, Discounts/Offers","Price, Discounts/Offers",Compare,Sometimes,2,0,0,1,1,0,Lower The Prices,Pricing Issue,lower the prices,I’M Hungry And Want To Order Quickly,I'm hungry and want to order quickly,High Intent,Working Professional,0,0,1,0,Neutral,3,Rarely
High Delivery Charges,High Delivery Charges,18-24,Yes,Gurgaon,Others,No,0,no,Price,Price,Compare,Sometimes,2,0,0,0,1,0,Honest Discount And Prices,Pricing Issue,honest discount and prices,Looking For Offers/Discounts,Looking for offers/discounts,Low Intent,Student,0,0,1,0,Neutral,3,Rarely
High Delivery Charges,High Delivery Charges,18-24,Yes,Gurgaon,Others,Yes For Comparison,1,yes for comparison,Price,Price,Compare,Rarely,1,0,0,0,1,0,Nothing,No Feedback,nothing,Just Browsing Options,Just browsing options,Low Intent,Student,0,0,1,0,Neutral,3,Rarely
High Delivery Charges,High Delivery Charges,18-24,Yes,Gurgaon,Swiggy,No I Dont Use Swiggy,0,no i dont use swiggy,"Price, Ratings & Reviews, Delivery Time, Discounts/Offers, Cuisine Preference","Price, Ratings & Reviews, Delivery Time, Discounts/Offers, Cuisine Preference",Browse,Sometimes,2,1,1,1,1,1,They Should Have Less Delivery Charges,Pricing Issue,they should have less delivery charges,Exploring Restaurants,Exploring restaurants,Low Intent,Working Professional,0,0,1,0,Neutral,3,Rarely
High Delivery Charges,High Delivery Charges,25-34,No,Bangalore,Others,Na,1,na,Price,Price,Compare,Sometimes,2,0,0,0,1,0,Na,Others,na,I’M Hungry And Want To Order Quickly,I'm hungry and want to order quickly,High Intent,Working Professional,0,0,1,0,Neutral,3,Weekly
High Delivery Charges,High Delivery Charges,25-34,No,Gurgoan,Others,No,0,no,"Price, Ratings & Reviews, Delivery Time, Discounts/Offers, Cuisine Preference","Price, Ratings & Reviews, Delivery Time, Discounts/Offers, Cuisine Preference",Compare,Sometimes,2,1,1,1,1,1,Delivery Charges Can Be Reduced And Delivery Time Can Be Reduced,Pricing Issue,delivery charges can be reduced and delivery time can be reduced,I’M Hungry And Want To Order Quickly,I'm hungry and want to order quickly,High Intent,Working Professional,0,0,1,0,Neutral,3,Rarely
High Delivery Charges,High Delivery Charges,25-34,Yes,Agra,Others,Better Discounts,1,better discounts,"Price, Ratings & Reviews, Discounts/Offers","Price, Ratings & Reviews, Discounts/Offers",Compare,Sometimes,2,0,0,1,1,1,Lower Their Platform Fee,Others,lower their platform fee,Looking For Offers/Discounts,Looking for offers/discounts,Low Intent,Student,0,0,1,0,Neutral,3,Rarely
High Delivery Charges,High Delivery Charges,25-34,Yes,Chandigarh,Others,Yes,1,yes,Ratings & Reviews,Ratings & Reviews,Compare,Very Often,4,0,0,0,0,1,Fast Delivery,Delivery Issue,fast delivery,I’M Hungry And Want To Order Quickly,I'm hungry and want to order quickly,High Intent,Working Professional,0,0,1,0,Neutral,3,Weekly
High Delivery Charges,High Delivery Charges,25-34,Yes,Delhi,Others,Yes,1,yes,"Price, Ratings & Reviews, Delivery Time, Discounts/Offers","Price, Ratings & Reviews, Delivery Time, Discounts/Offers",Compare,Sometimes,2,0,1,1,1,1,Delivery Charges,Pricing Issue,delivery charges,I’M Hungry And Want To Order Quickly,I'm hungry and want to order quickly,High Intent,Working Professional,0,0,1,0,Dissatisfied,1,Rarely
High Delivery Charges,High Delivery Charges,25-34,Yes,Delhi,Others,"Yes, Better Pricing",1,"yes, better pricing","Price, Ratings & Reviews, Discounts/Offers","Price, Ratings & Reviews, Discounts/Offers",Compare,Sometimes,2,0,0,1,1,1,Price,Pricing Issue,price,I’M Hungry And Want To Order Quickly,I'm hungry and want to order quickly,High Intent,Student,0,0,1,0,Neutral,3,Frequently
High Delivery Charges,High Delivery Charges,25-34,Yes,Gurgoan,Others,"Yes, To Have More Optione",1,"yes, to have more optione","Ratings & Reviews, Delivery Time","Ratings & Reviews, Delivery Time",Compare,Sometimes,2,0,1,0,0,1,Make Prices More Transparent,Pricing Issue,make prices more transparent,I’M Hungry And Want To Order Quickly,I'm hungry and want to order quickly,High Intent,Working Professional,0,0,1,0,Very Satisfied,5,Weekly
High Delivery Charges,High Delivery Charges,25-34,Yes,Noida,Others,"Yes, Better Discount Options",1,"yes, better discount options","Price, Discounts/Offers","Price, Discounts/Offers",Browse,Never,0,0,0,1,1,0,Give Discounts And Free Delivery.,Delivery Issue,give discounts and free delivery.,Looking For Offers/Discounts,Looking for offers/discounts,Low Intent,Working Professional,0,0,1,0,Neutral,3,Rarely
High Delivery Charges,High Delivery Charges,25-34,Yes,Parli Vaijanath,Others,No,0,no,Cuisine Preference,Cuisine Preference,Compare,Sometimes,2,1,0,0,0,0,They Should Improve Pricing For Less Distance Deliverys.,Delivery Issue,they should improve pricing for less distance deliverys.,I’M Hungry And Want To Order Quickly,I'm hungry and want to order quickly,High Intent,Working Professional,0,0,1,0,Neutral,3,Rarely
High Delivery Charges,High Delivery Charges,35+,Yes,Faridabad,Others,Yes,1,yes,"Price, Ratings & Reviews, Delivery Time, Discounts/Offers","Price, Ratings & Reviews, Delivery Time, Discounts/Offers",Compare,Never,0,0,1,1,1,1,Yes,Others,yes,Just Browsing Options,Just browsing options,Low Intent,Other,0,0,1,0,Very Satisfied,5,Frequently
High Delivery Charges,High Delivery Charges,35+,Yes,Mumbai,Others,No,0,no,Price,Price,Quickly,Rarely,1,0,0,0,1,0,All Perfect,Others,all perfect,I’M Hungry And Want To Order Quickly,I'm hungry and want to order quickly,High Intent,Other,0,0,1,0,Very Satisfied,5,Daily
High Delivery Charges,High Delivery Charges,35+,Yes,Sirsa,Others,No,0,no,Price,Price,Browse,Very Often,4,0,0,0,1,0,You Should Improve Your Delivery Time,Delivery Issue,you should improve your delivery time,I’M Hungry And Want To Order Quickly,I'm hungry and want to order quickly,High Intent,Working Professional,0,0,1,0,Neutral,3,Weekly
"High Delivery Charges, Changed My Mind","High Delivery Charges, Changed My Mind",25-34,Yes,Delhi,Others,Not Much Because Of Unsatisfactory Response,0,not much because of unsatisfactory response,"Price, Ratings & Reviews, Delivery Time","Price, Ratings & Reviews, Delivery Time",Compare,Sometimes,2,0,1,0,1,1,Reduce Platform Fees,Others,reduce platform fees,Exploring Restaurants,Exploring restaurants,Low Intent,Working Professional,1,0,1,0,Neutral,3,Weekly
"High Delivery Charges, Changed My Mind","High Delivery Charges, Changed My Mind",25-34,Yes,Gurgaon,Swiggy,Mainly Swiggy Instamart/Blinkit,1,mainly swiggy instamart/blinkit,"Ratings & Reviews, Delivery Time, Discounts/Offers","Ratings & Reviews, Delivery Time, Discounts/Offers",Compare,Rarely,1,0,1,1,0,1,"Don'T Use It Much, Maybe Better Customer Service (The Reason I Uninstalled It).",Customer Support,"don't use it much, maybe better customer service (the reason i uninstalled it).",I’M Hungry And Want To Order Quickly,I'm hungry and want to order quickly,High Intent,Working Professional,1,0,1,0,Neutral,3,Rarely
"High Delivery Charges, Changed My Mind, Found A Better Option","High Delivery Charges, Changed My Mind, Found A Better Option",25-34,Yes,Delhi,Others,"Yes, Same Price Differnce For The Same",1,"yes, same price differnce for the same","Price, Ratings & Reviews, Cuisine Preference","Price, Ratings & Reviews, Cuisine Preference",Compare,Very Often,4,1,0,0,1,1,Price And Discounts,Pricing Issue,price and discounts,Exploring Restaurants,Exploring restaurants,Low Intent,Working Professional,1,1,1,0,Neutral,3,Weekly
"High Delivery Charges, Found A Better Option","High Delivery Charges, Found A Better Option",25-34,No,Bangalore,Others,"Yes, Attractive Discounts & Offers",1,"yes, attractive discounts & offers","Price, Ratings & Reviews, Delivery Time, Discounts/Offers","Price, Ratings & Reviews, Delivery Time, Discounts/Offers",Compare,Sometimes,2,0,1,1,1,1,Competitive Offers And Discounts,Offers & Discounts,competitive offers and discounts,I’M Hungry And Want To Order Quickly,I'm hungry and want to order quickly,High Intent,Working Professional,0,1,1,0,Very Satisfied,5,Daily
"High Delivery Charges, Found A Better Option","High Delivery Charges, Found A Better Option",25-34,Yes,Delhi,Others,Genuinely For Better Offers??,1,genuinely for better offers??,"Price, Ratings & Reviews, Discounts/Offers","Price, Ratings & Reviews, Discounts/Offers",Compare,Rarely,1,0,0,1,1,1,It Should Also Provide Better Offers To Regular Loyal Customers..As New Customer,Offers & Discounts,it should also provide better offers to regular loyal customers..as new customer,I’M Hungry And Want To Order Quickly,I'm hungry and want to order quickly,High Intent,Working Professional,0,1,1,0,Neutral,3,Weekly
"High Delivery Charges, Found A Better Option","High Delivery Charges, Found A Better Option",25-34,Yes,Faridabad,Swiggy,Yes Sometimes Because Swiggy Have Better Discounts,1,yes sometimes because swiggy have better discounts,"Price, Ratings & Reviews, Discounts/Offers","Price, Ratings & Reviews, Discounts/Offers",Compare,Sometimes,2,0,0,1,1,1,Discounts And Prices,Pricing Issue,discounts and prices,Looking For Offers/Discounts,Looking for offers/discounts,Low Intent,Other,0,1,1,0,Neutral,3,Rarely
"High Delivery Charges, Long Delivery Time","High Delivery Charges, Long Delivery Time",18-24,Yes,Delhi,Others,Not Much Cuz The Price Is High There,0,not much cuz the price is high there,Price,Price,Browse,Rarely,1,0,0,0,1,0,Platform Fee Should Be Minimal,Others,platform fee should be minimal,I’M Hungry And Want To Order Quickly,I'm hungry and want to order quickly,High Intent,Working Professional,0,0,1,1,Very Satisfied,5,Weekly
"High Delivery Charges, Long Delivery Time","High Delivery Charges, Long Delivery Time",18-24,Yes,Gurgaon,Zomato,"Not As Such, Zomato Is The Primary Application For Me To Order The Food Online",0,"not as such, zomato is the primary application for me to order the food online","Price, Ratings & Reviews, Discounts/Offers","Price, Ratings & Reviews, Discounts/Offers",Compare,Sometimes,2,0,0,1,1,1,Dilivery Charges,Pricing Issue,dilivery charges,I’M Hungry And Want To Order Quickly,I'm hungry and want to order quickly,High Intent,Working Professional,0,0,1,1,Neutral,3,Frequently
"High Delivery Charges, Long Delivery Time","High Delivery Charges, Long Delivery Time",18-24,Yes,Hyderabad,Others,To Compare Pricing,1,to compare pricing,Cuisine Preference,Cuisine Preference,Compare,Sometimes,2,1,0,0,0,0,..,Others,..,Looking For Offers/Discounts,Looking for offers/discounts,Low Intent,Working Professional,0,0,1,1,Very Satisfied,5,Weekly
"High Delivery Charges, Long Delivery Time","High Delivery Charges, Long Delivery Time",25-34,Yes,Delhi,Others,Yes,1,yes,"Price, Ratings & Reviews, Discounts/Offers","Price, Ratings & Reviews, Discounts/Offers",Compare,Sometimes,2,0,0,1,1,1,Better Service,Customer Support,better service,Looking For Offers/Discounts,Looking for offers/discounts,Low Intent,Student,0,0,1,1,Neutral,3,Rarely
"High Delivery Charges, Long Delivery Time","High Delivery Charges, Long Delivery Time",25-34,Yes,Mumbai,Others,Sometimes They Offer Better Services,1,sometimes they offer better services,"Price, Delivery Time","Price, Delivery Time",Compare,Sometimes,2,0,1,0,1,0,Overall Variety,Others,overall variety,I’M Hungry And Want To Order Quickly,I'm hungry and want to order quickly,High Intent,Working Professional,0,0,1,1,Neutral,3,Weekly
"High Delivery Charges, Long Delivery Time","High Delivery Charges, Long Delivery Time",25-34,Yes,Swiggy,Others,Free Delivery With One And Good Discounts,1,free delivery with one and good discounts,"Price, Ratings & Reviews, Delivery Time","Price, Ratings & Reviews, Delivery Time",Browse,Sometimes,2,0,1,0,1,1,Extra Charges,Pricing Issue,extra charges,I’M Hungry And Want To Order Quickly,I'm hungry and want to order quickly,High Intent,Working Professional,0,0,1,1,Neutral,3,Weekly
"High Delivery Charges, Long Delivery Time, Changed My Mind","High Delivery Charges, Long Delivery Time, Changed My Mind",35+,Yes,Hyderabad,Swiggy,"Yes, Swiggy Is Better",1,"yes, swiggy is better","Price, Ratings & Reviews, Discounts/Offers","Price, Ratings & Reviews, Discounts/Offers",Browse,Sometimes,2,0,0,1,1,1,App,App/UX Issue,app,I’M Hungry And Want To Order Quickly,I'm hungry and want to order quickly,High Intent,Working Professional,1,0,1,1,Very Satisfied,5,Rarely
"High Delivery Charges, Long Delivery Time, Changed My Mind, Found A Better Option","High Delivery Charges, Long Delivery Time, Changed My Mind, Found A Better Option",18-24,Yes,Indore,Others,Always,1,always,Ratings & Reviews,Ratings & Reviews,Quickly,Sometimes,2,0,0,0,0,1,Prices,Pricing Issue,prices,I’M Hungry And Want To Order Quickly,I'm hungry and want to order quickly,High Intent,Student,1,1,1,1,Neutral,3,Weekly
"High Delivery Charges, Long Delivery Time, Changed My Mind, Found A Better Option","High Delivery Charges, Long Delivery Time, Changed My Mind, Found A Better Option",25-34,Yes,Mumbai,Others,Yes. For Comparison,1,yes. for comparison,"Ratings & Reviews, Discounts/Offers, Cuisine Preference","Ratings & Reviews, Discounts/Offers, Cuisine Preference",Compare,Rarely,1,1,0,1,0,1,"Prices And Offers And Now A Days Delivery As Well. As Many Times, My Order Comes Incomplete And Some Items Are Missing. This Happened Twice With Me",Pricing Issue,"prices and offers and now a days delivery as well. as many times, my order comes incomplete and some items are missing. this happened twice with me",Looking For Offers/Discounts,Looking for offers/discounts,Low Intent,Working Professional,1,1,1,1,Neutral,3,Weekly
"High Delivery Charges, Long Delivery Time, Found A Better Option","High Delivery Charges, Long Delivery Time, Found A Better Option",18-24,Yes,Mumbai,Others,"Yess, Interface Ans Discount",1,"yess, interface ans discount","Ratings & Reviews, Delivery Time, Discounts/Offers","Ratings & Reviews, Delivery Time, Discounts/Offers",Compare,Very Often,4,0,1,1,0,1,Delivery Time,Delivery Issue,delivery time,I’M Hungry And Want To Order Quickly,I'm hungry and want to order quickly,High Intent,Working Professional,0,1,1,1,Neutral,3,Frequently
"High Delivery Charges, Long Delivery Time, Found A Better Option","High Delivery Charges, Long Delivery Time, Found A Better Option",18-24,Yes,Panipat,Others,Yes,1,yes,"Ratings & Reviews, Delivery Time, Discounts/Offers","Ratings & Reviews, Delivery Time, Discounts/Offers",Compare,Very Often,4,0,1,1,0,1,Packaging And Delivery,Delivery Issue,packaging and delivery,I’M Hungry And Want To Order Quickly,I'm hungry and want to order quickly,High Intent,Working Professional,0,1,1,1,Neutral,3,Rarely
"High Delivery Charges, Long Delivery Time, Found A Better Option","High Delivery Charges, Long Delivery Time, Found A Better Option",35+,Yes,Mumbai,Others,Sometimes,1,sometimes,Cuisine Preference,Cuisine Preference,Compare,Rarely,1,1,0,0,0,0,Can Add Comparison Of Prices For. Same Food Item,Pricing Issue,can add comparison of prices for. same food item,I’M Hungry And Want To Order Quickly,I'm hungry and want to order quickly,High Intent,Working Professional,0,1,1,1,Very Satisfied,5,Weekly
"High Delivery Charges, Payment Issues","High Delivery Charges, Payment Issues",18-24,Yes,Gurgoan,Others,No,0,no,"Price, Discounts/Offers","Price, Discounts/Offers",Quickly,Sometimes,2,0,0,1,1,0,Dishes Prices,Pricing Issue,dishes prices,I’M Hungry And Want To Order Quickly,I'm hungry and want to order quickly,High Intent,Student,0,0,1,0,Neutral,3,Rarely
Long Delivery Time,Long Delivery Time,25-34,Yes,Gurgoan,Others,Yes,1,yes,"Ratings & Reviews, Delivery Time, Discounts/Offers","Ratings & Reviews, Delivery Time, Discounts/Offers",Compare,Sometimes,2,0,1,1,0,1,Everything,Others,everything,I’M Hungry And Want To Order Quickly,I'm hungry and want to order quickly,High Intent,Working Professional,0,0,0,1,Neutral,3,Weekly
"Long Delivery Time, Changed My Mind, Found A Better Option","Long Delivery Time, Changed My Mind, Found A Better Option",25-34,Yes,Delhi,Others,Yes,1,yes,"Price, Delivery Time, Discounts/Offers","Price, Delivery Time, Discounts/Offers",Compare,Sometimes,2,0,1,1,1,0,Not Sure,No Feedback,not sure,Looking For Offers/Discounts,Looking for offers/discounts,Low Intent,Working Professional,1,1,0,1,Neutral,3,Rarely
"Long Delivery Time, Found A Better Option","Long Delivery Time, Found A Better Option",18-24,Yes,Dehradun,Swiggy,Zomato Swiggy Toing Zepto Cafe Magicpin Bistro Eatclub,1,zomato swiggy toing zepto cafe magicpin bistro eatclub,"Ratings & Reviews, Cuisine Preference","Ratings & Reviews, Cuisine Preference",Compare,Sometimes,2,1,0,0,0,1,No Idea,No Feedback,no idea,I’M Hungry And Want To Order Quickly,I'm hungry and want to order quickly,High Intent,Working Professional,0,1,0,1,Neutral,3,Rarely
"Long Delivery Time, Found A Better Option","Long Delivery Time, Found A Better Option",25-34,Yes,Bangalore,Others,"Yes, For Quick Service And Good Offers",1,"yes, for quick service and good offers","Ratings & Reviews, Delivery Time, Cuisine Preference","Ratings & Reviews, Delivery Time, Cuisine Preference",Compare,Sometimes,2,1,1,0,0,1,Too Many Types Of Charges They Have,Pricing Issue,too many types of charges they have,I’M Hungry And Want To Order Quickly,I'm hungry and want to order quickly,High Intent,Working Professional,0,1,0,1,Neutral,3,Weekly
"Long Delivery Time, Found A Better Option","Long Delivery Time, Found A Better Option",25-34,Yes,Sirsa,Others,No I Donot Use,0,no i donot use,"Price, Ratings & Reviews, Delivery Time, Discounts/Offers","Price, Ratings & Reviews, Delivery Time, Discounts/Offers",Browse,Sometimes,2,0,1,1,1,1,Multi Order Deliver By One Delivery Executive,Delivery Issue,multi order deliver by one delivery executive,I’M Hungry And Want To Order Quickly,I'm hungry and want to order quickly,High Intent,Working Professional,0,1,0,1,Neutral,3,Weekly
"Long Delivery Time, Found A Better Option","Long Delivery Time, Found A Better Option",35+,Yes,Mumbai,Others,"Yes, To Compare",1,"yes, to compare","Price, Ratings & Reviews, Delivery Time, Discounts/Offers, Cuisine Preference","Price, Ratings & Reviews, Delivery Time, Discounts/Offers, Cuisine Preference",Compare,Sometimes,2,1,1,1,1,1,Delivery Time And Price,Pricing Issue,delivery time and price,Exploring Restaurants,Exploring restaurants,Low Intent,Working Professional,0,1,0,1,Neutral,3,Rarely
"Long Delivery Time, Payment Issues, Found A Better Option","Long Delivery Time, Payment Issues, Found A Better Option",25-34,Yes,Delhi,Swiggy,"Yes, I Use Swiggy Sometimes. Mainly To Compare Prices, Delivery Time, And Restaurant Availability. Sometimes Swiggy Has Better Offers Or Faster Delivery..",1,"yes, i use swiggy sometimes. mainly to compare prices, delivery time, and restaurant availability. sometimes swiggy has better offers or faster delivery..","Ratings & Reviews, Discounts/Offers","Ratings & Reviews, Discounts/Offers",Compare,Sometimes,2,0,0,1,0,1,"Zomato Should Improve Price Transparency, Final Cost Often Feels Higher Than Expected Due To Added Fees , Cart Charges, Delivery Fees And Taxes. Showing Clearer Upfront Pricing Would Improve Trust And Reduce Drop-Offs. More Support Help Should Be Available 24*7 Times.",Pricing Issue,"zomato should improve price transparency, final cost often feels higher than expected due to added fees , cart charges, delivery fees and taxes. showing clearer upfront pricing would improve trust and reduce drop-offs. more support help should be available 24*7 times.",I’M Hungry And Want To Order Quickly,I'm hungry and want to order quickly,High Intent,Working Professional,0,1,0,1,Neutral,3,Frequently
